{
  "project_info": {
    "project_number": "578615143640",
    "firebase_url": "https://footballlive4.firebaseio.com",
    "project_id": "footballlive4",
    "storage_bucket": "footballlive4.appspot.com"
  },
  "client": [
    {
      "client_info": {
        "mobilesdk_app_id": "1:578615143640:android:3233e8fcb6bb1c7951bbad",
        "android_client_info": {
          "package_name": "com.bakrin.fblive"
        }
      },
      "oauth_client": [
        {
          "client_id": "578615143640-u9k4n0f45fov54bj6gve6iuvb0pv45tj.apps.googleusercontent.com",
          "client_type": 3
        }
      ],
      "api_key": [
        {
          "current_key": "AIzaSyCJM6mXx50xsxFTbrMPVeKJZKCep-As2xo"
        }
      ],
      "services": {
        "appinvite_service": {
          "other_platform_oauth_client": [
            {
              "client_id": "578615143640-u9k4n0f45fov54bj6gve6iuvb0pv45tj.apps.googleusercontent.com",
              "client_type": 3
            }
          ]
        }
      }
    }
  ],
  "configuration_version": "1"
}